timestamp,open,high,low,close,volume
2025-12-24 14:00:00+00:00,0.00835318099814333,0.008432163356514238,0.008333554481892902,0.008354832097750687,3088.7389532175775
2025-12-24 14:15:00+00:00,0.008354832097750687,0.008418936019611483,0.008340932307090862,0.008373628328729059,1130.3823874567943
2025-12-24 14:30:00+00:00,0.008373628328729059,0.008528600810714946,0.00816115018819746,0.008207201883945728,8255.86418124994
2025-12-24 14:45:00+00:00,0.008207201883945728,0.008408567849782146,0.008139276493934937,0.008311330046157242,4275.890356960819
2025-12-24 15:00:00+00:00,0.008311330046157242,0.008326878655907833,0.00818734050524856,0.008311309124647632,4386.624496189483
2025-12-24 15:15:00+00:00,0.008311309124647632,0.008741154226821101,0.008234791664783052,0.008658977723796674,7911.227974100893
2025-12-24 15:30:00+00:00,0.008658977723796674,0.009059758153531664,0.008658977723796674,0.008958535422395478,9879.05198342383
2025-12-24 15:45:00+00:00,0.008958535422395478,0.009273202214951688,0.008958535422395478,0.009111664604324473,5547.627004854232
2025-12-24 16:00:00+00:00,0.009111664604324473,0.009119226135526782,0.009013741696935404,0.009042585515058444,1404.7467359172376
2025-12-24 16:15:00+00:00,0.009042585515058444,0.009272580305384057,0.008900691411510115,0.00921126457640001,3853.6775745873592
2025-12-24 16:30:00+00:00,0.00921126457640001,0.009281894238337625,0.009138531463309053,0.009162193404302044,5666.8251704870345
2025-12-24 16:45:00+00:00,0.009162193404302044,0.010030215118104742,0.009086199605665023,0.00960160044206315,31953.291081261363
2025-12-24 17:00:00+00:00,0.00960160044206315,0.009923563128974456,0.009487052512837005,0.00978819500932168,24279.86324977303
2025-12-24 17:15:00+00:00,0.00978819500932168,0.010486786392559034,0.009600736621918871,0.00993259961470215,53517.09573585512
2025-12-24 17:30:00+00:00,0.00993259961470215,0.010377168883236618,0.009443969494081094,0.0102207585137541,29723.714223083352
2025-12-24 17:45:00+00:00,0.0102207585137541,0.010585968039140586,0.010181586772980387,0.010198545826692166,13754.571615130022
2025-12-24 18:00:00+00:00,0.010198545826692166,0.010339191832591922,0.010133085186346648,0.010339191832591922,6813.638217962023
2025-12-24 18:15:00+00:00,0.010339191832591922,0.010766830714527319,0.010296522533727584,0.010680532944134812,6365.5585181379565
2025-12-24 18:30:00+00:00,0.010680532944134812,0.01106998157761714,0.01049509744705294,0.010632416629500645,26682.107626157587
2025-12-24 18:45:00+00:00,0.010632416629500645,0.01073803539443548,0.010409649407431752,0.010569277836705205,9950.882488504167
2025-12-24 19:00:00+00:00,0.010569277836705205,0.010643283492993523,0.010444216322353279,0.010506020031486134,3472.8540950564056
2025-12-24 19:15:00+00:00,0.010506020031486134,0.010509578034828389,0.009779474818734906,0.010225893159059297,18710.51222902483
2025-12-24 19:30:00+00:00,0.010225893159059297,0.010328794232692838,0.010157651093804326,0.010273155864259868,5240.929284825385
2025-12-24 19:45:00+00:00,0.010273155864259868,0.010406185752099324,0.010219506466497177,0.010341540311921091,3591.595603485527
2025-12-24 20:00:00+00:00,0.010341540311921091,0.01047663323565315,0.010321528279180594,0.01042044580356612,2247.6781594113913
2025-12-24 20:15:00+00:00,0.01042044580356612,0.010516816457840677,0.01010107278098594,0.01025719705969781,17246.794301292302
2025-12-24 20:30:00+00:00,0.01025719705969781,0.010330061601640331,0.009838760099387039,0.01024374311822946,15344.479501653566
2025-12-24 20:45:00+00:00,0.01024374311822946,0.010392029867095675,0.010194841178511632,0.010341612710404229,3417.281148698406
2025-12-24 21:00:00+00:00,0.010341612710404229,0.010468962434321764,0.010331822315461255,0.010466965267949784,1072.945515226198
2025-12-24 21:15:00+00:00,0.010466965267949784,0.010562574687048689,0.010238483257331408,0.010238483257331408,5087.871009978141
2025-12-24 21:30:00+00:00,0.010238483257331408,0.010332644008320667,0.009970230537692911,0.010250600034761666,22305.17067323102
2025-12-24 21:45:00+00:00,0.010250600034761666,0.010311178340529935,0.010009228325501912,0.01018454345876197,5379.666844999006
2025-12-24 22:00:00+00:00,0.01018454345876197,0.010429682188043259,0.010153055773466304,0.010220329958447412,7054.791605408401
2025-12-24 22:15:00+00:00,0.010220329958447412,0.010385697197412051,0.010027808879426411,0.010335911718210083,10892.132642635921
2025-12-24 22:30:00+00:00,0.010335911718210083,0.010517686008807177,0.01027485024488727,0.01044885637182788,2367.8741545262365
2025-12-24 22:45:00+00:00,0.01044885637182788,0.010575465570984264,0.01038285566944134,0.010515066397672492,1094.3745356983045
2025-12-24 23:00:00+00:00,0.010515066397672492,0.010568066873920319,0.010444985052268782,0.010524132590738942,910.9036768804754
2025-12-24 23:15:00+00:00,0.010524132590738942,0.010548023700576763,0.010073150518138719,0.010279459755415745,10696.990229818002
2025-12-24 23:30:00+00:00,0.010279459755415745,0.010308994572606846,0.010219075616153548,0.010243319265011264,1298.712457381769
2025-12-24 23:45:00+00:00,0.010243319265011264,0.010322467485214145,0.010132390607302663,0.010195647158710151,7185.591668062304
2025-12-25 00:00:00+00:00,0.010195647158710151,0.010432557513666448,0.01001264161031351,0.010377861323760042,15326.04119402813
2025-12-25 00:15:00+00:00,0.010377861323760042,0.010504119296422957,0.010306278437680984,0.01049382638549784,9145.537346258145
2025-12-25 00:30:00+00:00,0.01049382638549784,0.010933660796187485,0.010446035712929343,0.010894100570687034,19429.61335169316
2025-12-25 00:45:00+00:00,0.010894100570687034,0.011974347312273417,0.010894100570687034,0.011915001714886466,17493.35905973453
2025-12-25 01:00:00+00:00,0.011915001714886466,0.011949923332412203,0.011761093200261311,0.011942322635257954,9534.382820529661
2025-12-25 01:15:00+00:00,0.011942322635257954,0.012154712298734266,0.011869367352697434,0.01206240115510613,6600.341356544978
2025-12-25 01:30:00+00:00,0.01206240115510613,0.012234620152411469,0.011982950933026726,0.012234620152411469,3615.4045435872586
2025-12-25 01:45:00+00:00,0.012234620152411469,0.012336334944507508,0.01176211264056531,0.01176211264056531,10335.63357549948
2025-12-25 02:00:00+00:00,0.01176211264056531,0.012044772325779303,0.011437846377140787,0.011967860785341787,9739.453074171659
2025-12-25 02:15:00+00:00,0.011967860785341787,0.012043020736678818,0.011718283352067997,0.011811151555709914,7375.268693263906
2025-12-25 02:30:00+00:00,0.011811151555709914,0.011866644227489419,0.011492561104071958,0.011579645881871934,6760.347294968538
2025-12-25 02:45:00+00:00,0.011579645881871934,0.011609386969490093,0.011273478942006488,0.011549620714115486,9920.97453953209
2025-12-25 03:00:00+00:00,0.011549620714115486,0.011918391434871318,0.01152660775101662,0.011906015269375798,10281.639232351656
2025-12-25 03:15:00+00:00,0.011906015269375798,0.012008828120551818,0.011830620129357379,0.011843642462964772,3132.620419972343
2025-12-25 03:30:00+00:00,0.011843642462964772,0.01196423875023945,0.01183906659610255,0.011951579437965366,1537.1384034410548
2025-12-25 03:45:00+00:00,0.011951579437965366,0.012834384546196983,0.011939127566600302,0.012758022815222675,18765.50728461803
2025-12-25 04:00:00+00:00,0.012758022815222675,0.01293530203783122,0.012348085541341498,0.012895020057976558,19886.5481555773
2025-12-25 04:15:00+00:00,0.012895020057976558,0.014591525187149125,0.012895020057976558,0.013219747477128823,50336.079435626554
2025-12-25 04:30:00+00:00,0.013219747477128823,0.01386311043298028,0.012773031701680308,0.013681157808866083,31397.39539320974
2025-12-25 04:45:00+00:00,0.013681157808866083,0.013971136251145318,0.01356996615393642,0.013769956831911337,12159.29632415622
2025-12-25 05:00:00+00:00,0.013769956831911337,0.01384630353298505,0.012827098631328183,0.012879520194590575,13504.081518448069
2025-12-25 05:15:00+00:00,0.012879520194590575,0.013023227693830988,0.011556906417162116,0.012177658422961028,31373.196230429792
2025-12-25 05:30:00+00:00,0.012177658422961028,0.012599804961970894,0.012177658422961028,0.012455457817707568,6300.969822744064
2025-12-25 05:45:00+00:00,0.012455457817707568,0.012509589377927717,0.01228213137604782,0.012284740714769518,3777.0537723379575
2025-12-25 06:00:00+00:00,0.012284740714769518,0.012361463652774395,0.012172195144343404,0.012257866271188732,3972.9303917179527
2025-12-25 06:15:00+00:00,0.012257866271188732,0.012336977788043867,0.011829664206794975,0.011878710015941268,15723.906010577857
2025-12-25 06:30:00+00:00,0.011878710015941268,0.012115585044140545,0.01183443928198135,0.012073413715713854,4327.784637086064
2025-12-25 06:45:00+00:00,0.012073413715713854,0.012080140016487073,0.011673354226283064,0.011718153569707157,8508.764060554762
2025-12-25 07:00:00+00:00,0.011718153569707157,0.01178615010199817,0.011319090536447089,0.011465124914188852,16615.870531169345
2025-12-25 07:15:00+00:00,0.011465124914188852,0.01187097667493216,0.011433268545459431,0.01167399726411125,9432.125894833509
2025-12-25 07:30:00+00:00,0.01167399726411125,0.012048113182180024,0.011669217903206838,0.012001045554887419,4673.521118669042
2025-12-25 07:45:00+00:00,0.012001045554887419,0.012079722939156136,0.011983750320133296,0.012020386052351855,1532.4849524212361
2025-12-25 08:00:00+00:00,0.012020386052351855,0.012383183687179763,0.012020386052351855,0.012293891382902029,4377.7373759675565
2025-12-25 08:15:00+00:00,0.012293891382902029,0.012646595181809954,0.012176834241330824,0.012558978557328723,8629.295865665223
2025-12-25 08:30:00+00:00,0.012558978557328723,0.01274840378505784,0.012421389083571715,0.01248914725821123,10427.989019397908
2025-12-25 08:45:00+00:00,0.01248914725821123,0.012694585510994645,0.01248914725821123,0.012675675862962725,2584.6788941435148
2025-12-25 09:00:00+00:00,0.012675675862962725,0.012778532957784153,0.012552705821846923,0.012737697202512185,2513.396273477326
2025-12-25 09:15:00+00:00,0.012737697202512185,0.013048966941279484,0.012737697202512185,0.01291460588651903,11795.112705671196
2025-12-25 09:30:00+00:00,0.01291460588651903,0.012922300781963133,0.012181475235423555,0.012416902180275994,18452.365047291874
2025-12-25 09:45:00+00:00,0.012416902180275994,0.012416902180275994,0.012234411642542275,0.012272832933501832,6937.324668680078
2025-12-25 10:00:00+00:00,0.012272832933501832,0.01232355721841697,0.012122878089139347,0.012122878089139347,2670.44347731832
2025-12-25 10:15:00+00:00,0.012122878089139347,0.012368412474972742,0.011971293474064533,0.012039187209499154,6474.870141418585
2025-12-25 10:30:00+00:00,0.012039187209499154,0.012223015520750875,0.01197534215630821,0.012181950953306424,2861.8036112960394
2025-12-25 10:45:00+00:00,0.012181950953306424,0.012197970138508159,0.01203113283316654,0.012075162811907595,4299.220133489072
2025-12-25 11:00:00+00:00,0.012075162811907595,0.012334104290050867,0.012068769830661746,0.012272062137267892,1317.080820605869
2025-12-25 11:15:00+00:00,0.012272062137267892,0.012532878752389153,0.01181066355196396,0.0118658870850452,16118.386852973345
2025-12-25 11:30:00+00:00,0.0118658870850452,0.012069770370948835,0.011722117664442071,0.012054880524764338,6283.069474661203
2025-12-25 11:45:00+00:00,0.012054880524764338,0.012144376925825217,0.012025314645261319,0.012025314645261319,1610.559183914843
2025-12-25 12:00:00+00:00,0.012025314645261319,0.012116347376357,0.011892425567840129,0.011893682332175816,3485.7976468659567
2025-12-25 12:15:00+00:00,0.011893682332175816,0.0119632356813013,0.011739961343008554,0.011739961343008554,3540.265183280798
2025-12-25 12:30:00+00:00,0.011739961343008554,0.011899167389074266,0.01172997134479277,0.011857736600201738,879.3880398541078
2025-12-25 12:45:00+00:00,0.011857736600201738,0.011922578846148441,0.011558894877226862,0.0117165101968379,6238.5739555961545
2025-12-25 13:00:00+00:00,0.0117165101968379,0.011871325644999983,0.011617600452582075,0.011636340949000783,6166.8437974722065
2025-12-25 13:15:00+00:00,0.011636340949000783,0.011789062208138187,0.011623176433537134,0.011759499623200543,3987.663115771078
2025-12-25 13:30:00+00:00,0.011759499623200543,0.012103727510532404,0.01158075129094399,0.012086710062438187,11933.972401161152
2025-12-25 13:45:00+00:00,0.012086710062438187,0.012086710062438187,0.011922987646895143,0.011922987646895143,1566.7760536484384
2025-12-25 14:00:00+00:00,0.011922987646895143,0.012070403850854975,0.011922987646895143,0.012070403850854975,1105.334830505088
2025-12-25 14:15:00+00:00,0.012070403850854975,0.012212769243207458,0.01204071476180102,0.012212769243207458,1829.5538448081993
2025-12-25 14:30:00+00:00,0.012212769243207458,0.012319093602370958,0.012055461164717682,0.012070336336080368,5822.779699871795
2025-12-25 14:45:00+00:00,0.012070336336080368,0.012686695059337325,0.012063021617765828,0.012560406196734755,7105.723046944538
2025-12-25 15:00:00+00:00,0.012560406196734755,0.012623662926497168,0.01226547746437236,0.0123331859752631,6253.71493917064
2025-12-25 15:15:00+00:00,0.0123331859752631,0.012400640401348948,0.012247986115298985,0.012400640401348948,1438.8719200183223
2025-12-25 15:30:00+00:00,0.012400640401348948,0.012468493223925755,0.012292764651092894,0.012371873053273651,3112.7909210252797
2025-12-25 15:45:00+00:00,0.012371873053273651,0.012810851150301476,0.01193302871092148,0.012740439625780923,17323.785915281933
2025-12-25 16:00:00+00:00,0.012740439625780923,0.013176511561589254,0.012655610996977262,0.013113999837131669,4892.259416790003
2025-12-25 16:15:00+00:00,0.013113999837131669,0.014223315980483119,0.013106814405651588,0.013981101399066298,46115.60600906875
2025-12-25 16:30:00+00:00,0.013981101399066298,0.014348423619251385,0.013954874043971813,0.014018906039241589,14647.344168851943
2025-12-25 16:45:00+00:00,0.014018906039241589,0.014083709090300666,0.013754932201133208,0.01389793919206419,6780.164322842621
2025-12-25 17:00:00+00:00,0.01389793919206419,0.014719356098482222,0.013864020157053408,0.013978168289192319,24279.23922423746
2025-12-25 17:15:00+00:00,0.013978168289192319,0.014262134642277557,0.013801996158765765,0.014127946362912085,15013.148378347953
2025-12-25 17:30:00+00:00,0.014127946362912085,0.014772386406675643,0.014049608267251122,0.014614290297421765,22874.550163869626
2025-12-25 17:45:00+00:00,0.014614290297421765,0.014669644528459804,0.01431379075672022,0.014397785584772229,11735.968427532403
2025-12-25 18:00:00+00:00,0.014397785584772229,0.014402158159987589,0.01365470439324663,0.01383290542365654,31452.615119667367
2025-12-25 18:15:00+00:00,0.01383290542365654,0.01388021828302647,0.013345388044851112,0.013438673322392871,20092.357394594485
2025-12-25 18:30:00+00:00,0.013438673322392871,0.01391304447409662,0.01327184212159087,0.013688476434702869,12644.258622065347
2025-12-25 18:45:00+00:00,0.013688476434702869,0.014125243979198926,0.013559272441655218,0.014120241171552757,15318.604830341226
2025-12-25 19:00:00+00:00,0.014120241171552757,0.01415614609725805,0.013707874080161653,0.01403987405911817,17647.86974047054
2025-12-25 19:15:00+00:00,0.01403987405911817,0.014134816667563888,0.013839468681833696,0.013945900373389115,9783.13468349046
2025-12-25 19:30:00+00:00,0.013945900373389115,0.01399255445367341,0.013572419953236369,0.013913627383482022,9966.394294403086
2025-12-25 19:45:00+00:00,0.013913627383482022,0.01506445826894891,0.013913627383482022,0.014676921131409974,29502.946846555573
2025-12-25 20:00:00+00:00,0.014676921131409974,0.014845990630231839,0.013938381983982397,0.014209573836547506,18785.927451541804
2025-12-25 20:15:00+00:00,0.014209573836547506,0.014551151987340315,0.014209573836547506,0.014497847875220668,9828.3718714481
2025-12-25 20:30:00+00:00,0.014497847875220668,0.014698004777327016,0.014357272367577063,0.014357272367577063,9092.202665799394
2025-12-25 20:45:00+00:00,0.014357272367577063,0.014557283345670432,0.014115729711491148,0.014146580267344139,5976.814753823568
2025-12-25 21:00:00+00:00,0.014146580267344139,0.01430855327151354,0.013931432726856902,0.013987659739383828,14099.83686249902
2025-12-25 21:15:00+00:00,0.013987659739383828,0.014129868098068052,0.013482845736187313,0.013482845736187313,19498.31695060633
2025-12-25 21:30:00+00:00,0.013482845736187313,0.01357938360718827,0.013126508815389728,0.013352929660021573,17108.385669981155
2025-12-25 21:45:00+00:00,0.013352929660021573,0.013568775284798973,0.013183065259949913,0.013271928811886734,10525.544254520677
2025-12-25 22:00:00+00:00,0.013271928811886734,0.013839579813397604,0.01303586214375126,0.013566882401308173,14211.906334765723
2025-12-25 22:15:00+00:00,0.013566882401308173,0.014102358519032049,0.013566882401308173,0.014095459220611978,7932.871879031839
2025-12-25 22:30:00+00:00,0.014095459220611978,0.014156509809204125,0.013666337594903998,0.013733410559699505,7110.5708601180595
2025-12-25 22:45:00+00:00,0.013733410559699505,0.013733410559699505,0.01342650933834546,0.01342650933834546,4627.345910914973
2025-12-25 23:00:00+00:00,0.01342650933834546,0.013693785334492036,0.01341091198089828,0.013693785334492036,1459.5320879046876
2025-12-25 23:15:00+00:00,0.013693785334492036,0.013736273652502904,0.013012840025679227,0.01311738864880983,10484.271562397324
2025-12-25 23:30:00+00:00,0.01311738864880983,0.013123454971425289,0.012603405712183612,0.012668483420261906,11712.331723922725
2025-12-25 23:45:00+00:00,0.012668483420261906,0.012711240294734463,0.01242777277971168,0.012659464047123722,10511.893233795385
2025-12-26 00:00:00+00:00,0.012659464047123722,0.012811855701664387,0.012522269513625147,0.012811855701664387,7870.902318718229
2025-12-26 00:15:00+00:00,0.012811855701664387,0.013037313697760518,0.012666115626007047,0.013037313697760518,6065.259860182937
2025-12-26 00:30:00+00:00,0.013037313697760518,0.013117792611555323,0.012828205756120769,0.012871966164004362,2666.6559285099615
2025-12-26 00:45:00+00:00,0.012871966164004362,0.013333273046985766,0.01285768376999494,0.013279301646126954,4989.704447194087
2025-12-26 01:00:00+00:00,0.013279301646126954,0.014746806396888287,0.013279301646126954,0.014667637685913074,18090.737683922096
2025-12-26 01:15:00+00:00,0.014667637685913074,0.015637040268499568,0.014282471802179057,0.014601407592414373,68624.02483803178
2025-12-26 01:30:00+00:00,0.014601407592414373,0.014900394082260161,0.01458096515718836,0.014866660260590749,4327.972747367484
2025-12-26 01:45:00+00:00,0.014866660260590749,0.015083635831310015,0.014661802790803112,0.014777789569204836,8761.20716391431
2025-12-26 02:00:00+00:00,0.014777789569204836,0.015254244370071357,0.014766225168655861,0.015080241482782,16237.942336700564
2025-12-26 02:15:00+00:00,0.015080241482782,0.015305017386018215,0.01493764352544401,0.015060785721294774,6605.7464554642465
2025-12-26 02:30:00+00:00,0.015060785721294774,0.016144897363643104,0.015012663276124685,0.016099789879818086,19169.2177529986
2025-12-26 02:45:00+00:00,0.016099789879818086,0.01834242298152474,0.01597601572900124,0.01811193702696388,75448.87723867629
2025-12-26 03:00:00+00:00,0.01811193702696388,0.019372251759848715,0.017723747972932375,0.017723747972932375,63958.760419830614
2025-12-26 03:15:00+00:00,0.017723747972932375,0.018384600108184528,0.017690603642517726,0.01811846786555877,24705.300968465923
2025-12-26 03:30:00+00:00,0.01811846786555877,0.01824597383044238,0.01711751267500784,0.017181519696235357,16599.34957713289
2025-12-26 03:45:00+00:00,0.017181519696235357,0.017250074670153867,0.016333691869761875,0.016496753128068517,22005.2880260698
2025-12-26 04:00:00+00:00,0.016496753128068517,0.016727332192798185,0.01639096264543881,0.01641953884082276,12335.948574517792
2025-12-26 04:15:00+00:00,0.01641953884082276,0.01733443867190696,0.01640540989486208,0.01727606909434764,10447.25056783553
2025-12-26 04:30:00+00:00,0.01727606909434764,0.017600515328446264,0.017246430257490997,0.01759568295706413,4850.626610762239
2025-12-26 04:45:00+00:00,0.01759568295706413,0.018437703226255372,0.01752232856439781,0.018397075153840314,13591.258248100192
2025-12-26 05:00:00+00:00,0.018397075153840314,0.01938636365678437,0.018386723643881876,0.0193491749971914,50476.47743842001
2025-12-26 05:15:00+00:00,0.0193491749971914,0.020710236420237255,0.019059198414582573,0.02034981541474937,110721.75746430662
2025-12-26 05:30:00+00:00,0.02034981541474937,0.020648143278908945,0.01882612224583807,0.020010515614830547,94282.09843904227
2025-12-26 05:45:00+00:00,0.020010515614830547,0.021187426242775486,0.019501056088848483,0.021090908316775767,118979.3292744234
2025-12-26 06:00:00+00:00,0.021090908316775767,0.021477454964234647,0.01958293266935105,0.01984115508139993,33430.66963619258
2025-12-26 06:15:00+00:00,0.01984115508139993,0.020045593917187333,0.01917598594416791,0.019264278304252064,10901.61527517947
2025-12-26 06:30:00+00:00,0.019264278304252064,0.01986446658004098,0.01923575878286249,0.01985436904761917,9382.377712248986
2025-12-26 06:45:00+00:00,0.01985436904761917,0.01985436904761917,0.018232056221764718,0.018297005534986897,37815.588345737415
2025-12-26 07:00:00+00:00,0.018297005534986897,0.019319573437241402,0.018239394934476977,0.019305307927207548,17054.499427297982
2025-12-26 07:15:00+00:00,0.019305307927207548,0.01994598040317668,0.01732527322468648,0.018305702367175703,74991.43668932567
2025-12-26 07:30:00+00:00,0.018305702367175703,0.018427836116092524,0.017540235850935403,0.018013449980472475,20694.372643007366
2025-12-26 07:45:00+00:00,0.018013449980472475,0.01843129695099035,0.01792419069128104,0.01823732832857021,9122.634286560537
2025-12-26 08:00:00+00:00,0.01823732832857021,0.018267720513474098,0.017735800702636945,0.017850426365733047,8351.627544699826
2025-12-26 08:15:00+00:00,0.017850426365733047,0.01800499261106624,0.017755285918173554,0.017755285918173554,4667.507968013917
2025-12-26 08:30:00+00:00,0.017755285918173554,0.01793246596801034,0.0176590526462671,0.017862062675162247,6118.5374115163195
2025-12-26 08:45:00+00:00,0.017862062675162247,0.018572481054008976,0.017841451536279605,0.018504153879657655,9066.98348784035
2025-12-26 09:00:00+00:00,0.018504153879657655,0.019061989597673856,0.018146254916421644,0.018420413109262544,27699.94038855103
2025-12-26 09:15:00+00:00,0.018420413109262544,0.0188992993471454,0.018420413109262544,0.018786247474447994,9113.786392456428
2025-12-26 09:30:00+00:00,0.018786247474447994,0.018812084543885114,0.018166239643777195,0.018550253634138317,11446.427461892821
2025-12-26 09:45:00+00:00,0.018550253634138317,0.01918359509925011,0.018400611282199844,0.01905604079562976,13943.548945442306
2025-12-26 10:00:00+00:00,0.01905604079562976,0.019362513696274175,0.018138086833135406,0.01830027684779572,26543.510026467175
2025-12-26 10:15:00+00:00,0.01830027684779572,0.018348520579046047,0.017481909312851165,0.017612933091090584,18811.788389229452
2025-12-26 10:30:00+00:00,0.017612933091090584,0.017896531274740498,0.01740051524270256,0.0177821201051682,17902.18088280421
2025-12-26 10:45:00+00:00,0.0177821201051682,0.017887625027057565,0.017440093598337866,0.017705803737711592,8186.057176718928
2025-12-26 11:00:00+00:00,0.017705803737711592,0.017817323416533568,0.017551884974125066,0.017551884974125066,2928.400709208872
2025-12-26 11:15:00+00:00,0.017551884974125066,0.017750771269828457,0.01738910330894948,0.017525934634966718,5816.757094024693
2025-12-26 11:30:00+00:00,0.017525934634966718,0.017666130531194802,0.01734790107153334,0.017635227764420745,6091.519265591421
2025-12-26 11:45:00+00:00,0.017635227764420745,0.018239910704861688,0.01753349228907796,0.01810684543127178,12081.303179016066
2025-12-26 12:00:00+00:00,0.01810684543127178,0.01810684543127178,0.017161555808062032,0.017177240368897256,14568.792530461333
2025-12-26 12:15:00+00:00,0.017177240368897256,0.01774339000941251,0.017177240368897256,0.017651263440125742,6498.050551568008
2025-12-26 12:30:00+00:00,0.017651263440125742,0.01775190670029565,0.017499260346287702,0.017499260346287702,2603.291036538077
2025-12-26 12:45:00+00:00,0.017499260346287702,0.01755400672853787,0.017113309002145353,0.017301009285895903,5728.472689346195
2025-12-26 13:00:00+00:00,0.017301009285895903,0.017645826149137213,0.01724036065494556,0.01756156082141816,5440.432081851477
2025-12-26 13:15:00+00:00,0.01756156082141816,0.017942274334033056,0.01753815613567997,0.017876936208317262,2207.572646462194
2025-12-26 13:30:00+00:00,0.017876936208317262,0.017876936208317262,0.01744725565926825,0.017675871208973536,10321.775252395606
2025-12-26 13:45:00+00:00,0.017675871208973536,0.017867695878972075,0.017611686871511087,0.017611686871511087,3410.8687702932584
2025-12-26 14:00:00+00:00,0.017611686871511087,0.017621605574081673,0.017161259872716644,0.017286022906712536,6091.920803573839
2025-12-26 14:15:00+00:00,0.017286022906712536,0.01752123445360579,0.017165249428023943,0.017316663055200594,4490.541775439731
2025-12-26 14:30:00+00:00,0.017316663055200594,0.01742030663291313,0.01711793026784317,0.01723079288259554,2001.5243870632075
2025-12-26 14:45:00+00:00,0.01723079288259554,0.017365098425960308,0.01672702996945999,0.017320563346784994,15742.74956985543
2025-12-26 15:00:00+00:00,0.017320563346784994,0.017487518039825966,0.01706996126235835,0.017102293554150102,7957.465114186327
2025-12-26 15:15:00+00:00,0.017102293554150102,0.018866170245070094,0.01709106605289723,0.01876958083223486,12884.316240479433
2025-12-26 15:30:00+00:00,0.01876958083223486,0.019282481656799976,0.01821916365755415,0.018369399671263394,20459.276363331734
2025-12-26 15:45:00+00:00,0.018369399671263394,0.018766996432214356,0.018292311256742654,0.018632042596003505,6285.278521501484
2025-12-26 16:00:00+00:00,0.018632042596003505,0.019087957018174926,0.016645548497297824,0.017949583746158442,54304.843125926556
2025-12-26 16:15:00+00:00,0.017949583746158442,0.01840169915645044,0.017834481788613396,0.018071655277211187,6576.664912052729
2025-12-26 16:30:00+00:00,0.018071655277211187,0.0182482221287118,0.01793623271027197,0.017988905940671044,4980.423724286771
2025-12-26 16:45:00+00:00,0.017988905940671044,0.017988905940671044,0.017537593583658424,0.017549772634619133,9296.80065933494
2025-12-26 17:00:00+00:00,0.017549772634619133,0.018205433012499668,0.01751103379693984,0.018205433012499668,9390.322852115822
2025-12-26 17:15:00+00:00,0.018205433012499668,0.01832634747513479,0.018066870488634285,0.018319320821219166,6837.466340657406
2025-12-26 17:30:00+00:00,0.018319320821219166,0.018539866103000138,0.01807133355763063,0.01807133355763063,9673.628936778758
2025-12-26 17:45:00+00:00,0.01807133355763063,0.01810839735544068,0.017735141774606604,0.017735141774606604,3499.0654885826953
2025-12-26 18:00:00+00:00,0.017735141774606604,0.017898760747643534,0.017735141774606604,0.017740014963175663,2102.6047642631415
2025-12-26 18:15:00+00:00,0.017740014963175663,0.018356927567851657,0.0177168854114894,0.018356927567851657,5518.263099768819
2025-12-26 18:30:00+00:00,0.018356927567851657,0.019304184230615494,0.017966518410497075,0.018384630953715356,23977.914738231168
2025-12-26 18:45:00+00:00,0.018384630953715356,0.01841490702711302,0.0174954933614302,0.017643293416348477,19314.914481289758
2025-12-26 19:00:00+00:00,0.017643293416348477,0.01783746240894861,0.017543444579407284,0.01783746240894861,4819.410810248097
2025-12-26 19:15:00+00:00,0.01783746240894861,0.01784443489332621,0.01723266954163133,0.01723266954163133,10318.194103979673
2025-12-26 19:30:00+00:00,0.01723266954163133,0.017420928173759485,0.017204993191907613,0.017319509496045826,4576.02077759919
2025-12-26 19:45:00+00:00,0.017319509496045826,0.017489693181189946,0.01652858020828101,0.01744481120350343,26672.648747852036
2025-12-26 20:00:00+00:00,0.01744481120350343,0.017487100999903502,0.017027191266663595,0.017268743724315437,6539.6001438832845
2025-12-26 20:15:00+00:00,0.017268743724315437,0.017371446257098553,0.017123863677202478,0.01731474967659749,6485.919863616897
2025-12-26 20:30:00+00:00,0.01731474967659749,0.018365090597885256,0.016726060591171474,0.01828697568571466,44185.957875009815
2025-12-26 20:45:00+00:00,0.01828697568571466,0.018425813552270968,0.018275516830168825,0.01841295472299776,1955.315449613617
2025-12-26 21:00:00+00:00,0.01841295472299776,0.019526236764713146,0.018257383241899464,0.018748515689004788,31776.308588320408
2025-12-26 21:15:00+00:00,0.018748515689004788,0.01886746560829797,0.018558097070798946,0.018690401094430466,4178.689832152589
2025-12-26 21:30:00+00:00,0.018690401094430466,0.019733749433080428,0.018453760176330884,0.01945440289333696,15658.171504575817
2025-12-26 21:45:00+00:00,0.01945440289333696,0.02041993087418467,0.01945440289333696,0.019731501158221903,31900.124462405314
2025-12-26 22:00:00+00:00,0.019731501158221903,0.019731501158221903,0.01916227298776313,0.019414009079463557,11248.951973388628
2025-12-26 22:15:00+00:00,0.019414009079463557,0.020755063517753677,0.019414009079463557,0.020441133320724534,21319.744885661414
2025-12-26 22:30:00+00:00,0.020441133320724534,0.021533703885955238,0.019898156265430136,0.02083517247543955,77490.76222622994
2025-12-26 22:45:00+00:00,0.02083517247543955,0.02088687125365371,0.02039146933894201,0.020526484830666967,14210.145993748252
2025-12-26 23:00:00+00:00,0.020526484830666967,0.02130686205568162,0.02023957208367837,0.020426718643349717,29427.898969229584
2025-12-26 23:15:00+00:00,0.020426718643349717,0.02070661649803867,0.020138945149338734,0.020222139209857867,8817.141683470474
2025-12-26 23:30:00+00:00,0.020222139209857867,0.020439733792150864,0.020130515244544126,0.02022234201053036,6713.95348768695
2025-12-26 23:45:00+00:00,0.02022234201053036,0.02022234201053036,0.019953455378587077,0.020185418931307143,4126.850834448653
2025-12-27 00:00:00+00:00,0.020185418931307143,0.020235021865170483,0.019319515067580142,0.019319515067580142,20848.493254475354
2025-12-27 00:15:00+00:00,0.019319515067580142,0.01939154428534531,0.01912524501199833,0.019293816324408703,2414.283838525878
2025-12-27 00:30:00+00:00,0.019293816324408703,0.019572256683718637,0.019031009725404193,0.019510387473655036,5770.521841217308
2025-12-27 00:45:00+00:00,0.019510387473655036,0.020339475645882468,0.019510387473655036,0.02020287692958066,13972.514479391384
2025-12-27 01:00:00+00:00,0.02020287692958066,0.022263341026928868,0.02020287692958066,0.020562457280380426,56257.69188002989
2025-12-27 01:15:00+00:00,0.020562457280380426,0.020616306030883148,0.019967540710763114,0.020263998622160582,13905.83030407486
2025-12-27 01:30:00+00:00,0.020263998622160582,0.02036573295708362,0.019831018397000067,0.019971051585390576,6493.079461925822
2025-12-27 01:45:00+00:00,0.019971051585390576,0.02015271626097394,0.019885765042689005,0.020106602119705948,3352.8045085087288
2025-12-27 02:00:00+00:00,0.020106602119705948,0.020260811635506186,0.02002797557810492,0.020142881089531956,2233.8118632547057
2025-12-27 02:15:00+00:00,0.020142881089531956,0.02029551906482514,0.01997250038518899,0.020239386040437343,6142.797749910502
2025-12-27 02:30:00+00:00,0.020239386040437343,0.020344883018755703,0.020202564086466614,0.020344883018755703,679.5644908925343
2025-12-27 02:45:00+00:00,0.020344883018755703,0.02061530568395061,0.020321805401494974,0.020450935082837286,2528.586543424399
2025-12-27 03:00:00+00:00,0.020450935082837286,0.020586415350172662,0.02030655076611192,0.02041104704563591,3626.2416860060725
2025-12-27 03:15:00+00:00,0.02041104704563591,0.02041104704563591,0.02004844252679796,0.02016717558900143,3197.6538788974635
2025-12-27 03:30:00+00:00,0.02016717558900143,0.020389479673226924,0.01985749630156644,0.02029058239928556,8241.006436005518
2025-12-27 03:45:00+00:00,0.02029058239928556,0.0224974207166839,0.02018849939720359,0.02233065140299033,29556.436448636097
2025-12-27 04:00:00+00:00,0.02233065140299033,0.024185690716635195,0.022233295666393413,0.023817382425280847,42687.34646802602
2025-12-27 04:15:00+00:00,0.023817382425280847,0.025026730080310672,0.023534849552888492,0.024306906236348867,38746.95453796224
2025-12-27 04:30:00+00:00,0.024306906236348867,0.025436101953855723,0.023283554665937276,0.02406090303689103,111468.51826083266
2025-12-27 04:45:00+00:00,0.02406090303689103,0.024905182087287474,0.02391774224403838,0.024796302575163878,48365.556417741216
2025-12-27 05:00:00+00:00,0.024796302575163878,0.025639321605974232,0.02418961833144349,0.02439361712597825,33805.69570819102
2025-12-27 05:15:00+00:00,0.02439361712597825,0.024823304161534797,0.02413601229855839,0.024407823105349183,11625.43524104343
2025-12-27 05:30:00+00:00,0.024407823105349183,0.025138450628465703,0.02429575978287526,0.02504874553547616,9325.625623187327
2025-12-27 05:45:00+00:00,0.02504874553547616,0.025492829198899527,0.02495289257569946,0.02545625656009265,9105.749437240273
2025-12-27 06:00:00+00:00,0.02545625656009265,0.02547516985283709,0.024455921373362385,0.02461682870440539,19813.614526475314
2025-12-27 06:15:00+00:00,0.02461682870440539,0.0247208421872421,0.023331765732111157,0.0233399791730812,24778.15667334011
2025-12-27 06:30:00+00:00,0.0233399791730812,0.02357402475330534,0.022988615373768194,0.0234225661965263,9877.109062431298
2025-12-27 06:45:00+00:00,0.0234225661965263,0.023939006196551278,0.022895687757935275,0.022954799494526886,18751.50340883103
2025-12-27 07:00:00+00:00,0.022954799494526886,0.02334299315640542,0.02286521193469125,0.02298460667974284,10137.111230413644
2025-12-27 07:15:00+00:00,0.02298460667974284,0.023350307356822107,0.022755393000607107,0.022964692324996303,13451.004312436033
2025-12-27 07:30:00+00:00,0.022964692324996303,0.023523426687426758,0.022684596021874722,0.02349502316878147,9263.529838697048
2025-12-27 07:45:00+00:00,0.02349502316878147,0.023666868614041752,0.02329159098581538,0.02329159098581538,4028.065975787341
2025-12-27 08:00:00+00:00,0.02329159098581538,0.02380511285718641,0.023248234164844395,0.023350498021091834,11002.388672153775
2025-12-27 08:15:00+00:00,0.023350498021091834,0.023423745450695924,0.023116793258434905,0.02321605940636138,2947.2782887113863
2025-12-27 08:30:00+00:00,0.02321605940636138,0.02328383966320297,0.022669663642730865,0.022827329333760225,9593.569718764744
2025-12-27 08:45:00+00:00,0.022827329333760225,0.023199676873196125,0.022660670158835765,0.023187190432211926,3510.2946197029196
2025-12-27 09:00:00+00:00,0.023187190432211926,0.024267518559947323,0.023140247677674638,0.02414588265357892,12074.07763026683
2025-12-27 09:15:00+00:00,0.02414588265357892,0.024681737199015088,0.02414588265357892,0.02448515949760888,18562.002479427116
2025-12-27 09:30:00+00:00,0.02448515949760888,0.02482829495281229,0.023385758432535465,0.023840755851761854,33232.0004680343
2025-12-27 09:45:00+00:00,0.023840755851761854,0.024762680177447365,0.023840755851761854,0.024762680177447365,12818.362047080089
2025-12-27 10:00:00+00:00,0.024762680177447365,0.02498358280440242,0.024172674359365133,0.02481140121317599,32020.500182361357
2025-12-27 10:15:00+00:00,0.02481140121317599,0.025369275265787614,0.024640397060341986,0.025249853161876664,8527.23369158566
2025-12-27 10:30:00+00:00,0.025249853161876664,0.02546134392816692,0.023981059019145903,0.024035797097902583,15230.870312467885
2025-12-27 10:45:00+00:00,0.024035797097902583,0.024882647776574413,0.024035797097902583,0.024882647776574413,5713.583478827529
2025-12-27 11:00:00+00:00,0.024882647776574413,0.024882647776574413,0.02445238509743343,0.024658957395773316,5134.592619313193
2025-12-27 11:15:00+00:00,0.024658957395773316,0.024924013939866076,0.023758832773875343,0.024442064054014993,27561.97878869855
2025-12-27 11:30:00+00:00,0.024442064054014993,0.02447801640022609,0.024024561448569428,0.024226229526705074,11076.647172919162
2025-12-27 11:45:00+00:00,0.024226229526705074,0.02425585929840905,0.02368936367565865,0.023868395652243572,13773.209984225394
2025-12-27 12:00:00+00:00,0.023868395652243572,0.024509228900387092,0.02353481002937345,0.02398171711048983,21214.985143826932
2025-12-27 12:15:00+00:00,0.02398171711048983,0.024180420733128444,0.022935939780401794,0.023079746515376892,24261.529172307804
2025-12-27 12:30:00+00:00,0.023079746515376892,0.02317474432902743,0.021175413183052407,0.022366434404690553,62467.57932983387
2025-12-27 12:45:00+00:00,0.022366434404690553,0.022581044014273327,0.02226989687076113,0.022581044014273327,6068.195671459801
2025-12-27 13:00:00+00:00,0.022581044014273327,0.02259869324837424,0.02192065452026749,0.02192065452026749,7280.507889579288
2025-12-27 13:15:00+00:00,0.02192065452026749,0.021983944804354585,0.021653363573268712,0.02172085544476834,2350.7318666555893
2025-12-27 13:30:00+00:00,0.02172085544476834,0.02186274119893921,0.021599789427617935,0.02167175728142792,3442.1474777157127
2025-12-27 13:45:00+00:00,0.02167175728142792,0.02187001738408867,0.02129056934509237,0.021369208639253384,9665.377024622094
2025-12-27 14:00:00+00:00,0.021369208639253384,0.021867293790288712,0.021369208639253384,0.021867293790288712,7495.089638903051
2025-12-27 14:15:00+00:00,0.021867293790288712,0.021894844652160485,0.02168867272966684,0.02170975515653693,3292.049856696759
2025-12-27 14:30:00+00:00,0.02170975515653693,0.0225665825477616,0.02166462544926946,0.022559017753181115,9395.560441618109
2025-12-27 14:45:00+00:00,0.022559017753181115,0.022650235561687125,0.02242537858430084,0.022518179684044307,2228.932951524
2025-12-27 15:00:00+00:00,0.022518179684044307,0.022725955845461596,0.02240898833666259,0.022421829931030045,4993.267092106203
2025-12-27 15:15:00+00:00,0.022421829931030045,0.022769022465735065,0.022199543333884846,0.022758553842945943,8299.353896833903
2025-12-27 15:30:00+00:00,0.022758553842945943,0.02372611363116366,0.022624810734161917,0.023671207597315898,10384.776744737608
2025-12-27 15:45:00+00:00,0.023671207597315898,0.026048004899493667,0.023478459807055183,0.025934647668665607,68857.30230186025
2025-12-27 16:00:00+00:00,0.025934647668665607,0.026941843917631995,0.025404423127739266,0.02674664297374301,26977.969778787898
2025-12-27 16:15:00+00:00,0.02674664297374301,0.02708652698693276,0.024647187740723615,0.025507067073850132,60216.57907143836
2025-12-27 16:30:00+00:00,0.025507067073850132,0.02552123808019982,0.024634695630208415,0.02537112835319416,29902.83937430687
2025-12-27 16:45:00+00:00,0.02537112835319416,0.025485719389265728,0.02454535062241344,0.02547872217069024,46396.03474289392
2025-12-27 17:00:00+00:00,0.02547872217069024,0.025813965139570762,0.021995063717313846,0.024882558512486996,74807.80901869353
2025-12-27 17:15:00+00:00,0.024882558512486996,0.02519860231147865,0.024586250329692232,0.025008258339573194,15009.117777987889
2025-12-27 17:30:00+00:00,0.025008258339573194,0.0254719408788891,0.02492469404099882,0.0254719408788891,7129.492449735777
2025-12-27 17:45:00+00:00,0.0254719408788891,0.02987036664769024,0.0254582469570485,0.02721770938915522,94875.1061450799
2025-12-27 18:00:00+00:00,0.02721770938915522,0.028924012019450527,0.02701551277148965,0.028411952656658038,56905.997615329376
2025-12-27 18:15:00+00:00,0.028411952656658038,0.028411952656658038,0.026171385519018153,0.026798916648927938,35125.302321690215
2025-12-27 18:30:00+00:00,0.026798916648927938,0.027398647267585487,0.02650908032974465,0.026579423293624185,14377.03009945549
2025-12-27 18:45:00+00:00,0.026579423293624185,0.027560630916106357,0.026488009587441155,0.027448414383848395,6134.137901689788
2025-12-27 19:00:00+00:00,0.027448414383848395,0.02759564099357512,0.026769880100617267,0.027502384840006663,14043.99945235758
2025-12-27 19:15:00+00:00,0.027502384840006663,0.028899309411736507,0.02731106277515496,0.02854296515709417,35117.55867833232
2025-12-27 19:30:00+00:00,0.02854296515709417,0.030071949668531977,0.02854296515709417,0.02879730061948152,39942.38000502678
2025-12-27 19:45:00+00:00,0.02879730061948152,0.029279711650513414,0.028380691907110667,0.028510490397196126,13327.190846430183
2025-12-27 20:00:00+00:00,0.028510490397196126,0.031073938696713557,0.028391356831578327,0.030418534116876946,40084.46810869656
2025-12-27 20:15:00+00:00,0.030418534116876946,0.0305886323725249,0.029904047958885273,0.029904047958885273,31575.868589669957
2025-12-27 20:30:00+00:00,0.029904047958885273,0.03012301883799497,0.02885042817767284,0.02979016450978657,27858.46761649481
2025-12-27 20:45:00+00:00,0.02979016450978657,0.02979016450978657,0.029172387057126367,0.029172387057126367,14160.62973127158
2025-12-27 21:00:00+00:00,0.029172387057126367,0.029329801364295343,0.02874270183780046,0.02910011616333516,6072.117161222275
2025-12-27 21:15:00+00:00,0.02910011616333516,0.029586049363166778,0.028848551905912297,0.028848551905912297,14047.260443309962
2025-12-27 21:30:00+00:00,0.028848551905912297,0.028991638840739575,0.028446651380287822,0.028613397415910024,6191.708768718583
2025-12-27 21:45:00+00:00,0.028613397415910024,0.02877744505091058,0.028172827602160274,0.028172827602160274,8331.834599965689
2025-12-27 22:00:00+00:00,0.028172827602160274,0.028523810242231475,0.027920615712620226,0.028227220340740128,14214.713009565965
2025-12-27 22:15:00+00:00,0.028227220340740128,0.028611631142498106,0.027544158511022453,0.027710486974199887,22797.3800643961
2025-12-27 22:30:00+00:00,0.027710486974199887,0.027925512801181506,0.027485211933784805,0.027672030402436848,3913.6888750483517
2025-12-27 22:45:00+00:00,0.027672030402436848,0.027672030402436848,0.02722704328294216,0.02722704328294216,4769.965290432909
2025-12-27 23:00:00+00:00,0.02722704328294216,0.028028489716002008,0.02722704328294216,0.027670949938913374,10432.0712851409
2025-12-27 23:15:00+00:00,0.027670949938913374,0.02820441301191492,0.027563940661160875,0.027910588829291823,10893.252174417148
2025-12-27 23:30:00+00:00,0.027910588829291823,0.02846158385572982,0.027760058818883406,0.027970400125147916,11436.174943169724
2025-12-27 23:45:00+00:00,0.027970400125147916,0.028146231081656013,0.027808759209096316,0.027808759209096316,2268.4373696181983
2025-12-28 00:00:00+00:00,0.027808759209096316,0.02805801975727892,0.027764559902822238,0.02781687725100639,2169.9713028003152
2025-12-28 00:15:00+00:00,0.02781687725100639,0.028656597501816664,0.02781687725100639,0.028656597501816664,9230.995111951897
2025-12-28 00:30:00+00:00,0.028656597501816664,0.028837621468916875,0.028504466175359962,0.028790555136461456,2804.8551012384096
2025-12-28 00:45:00+00:00,0.028790555136461456,0.029058264497527738,0.02855488444776415,0.02855488444776415,7154.490750954203
2025-12-28 01:00:00+00:00,0.02855488444776415,0.028811158789035746,0.028540245247909195,0.02865825354205574,794.9976623704174
2025-12-28 01:15:00+00:00,0.02865825354205574,0.02865825354205574,0.028442123596035217,0.028492698283278505,1907.3269157071918
2025-12-28 01:30:00+00:00,0.028492698283278505,0.029242135109376885,0.028492698283278505,0.02893303230300918,8808.86917212745
2025-12-28 01:45:00+00:00,0.02893303230300918,0.029176268713892572,0.028592854564899156,0.029176268713892572,8740.085639245941
2025-12-28 02:00:00+00:00,0.029176268713892572,0.02920446845581867,0.028753345545240522,0.02891324032097473,6740.664302814368
2025-12-28 02:15:00+00:00,0.02891324032097473,0.03116201820439667,0.028640913451658014,0.03090154173566178,30647.144477367296
2025-12-28 02:30:00+00:00,0.03090154173566178,0.032257370467006115,0.030748684939205566,0.03164685328921536,43029.388015831704
2025-12-28 02:45:00+00:00,0.03164685328921536,0.03246760571245939,0.03118772332744656,0.032256349118541576,27483.940962142675
2025-12-28 03:00:00+00:00,0.032256349118541576,0.03338615319788152,0.032256349118541576,0.03330900121924999,43347.794777864416
2025-12-28 03:15:00+00:00,0.03330900121924999,0.03572289493018834,0.03330900121924999,0.03396306174591829,101011.30842451521
2025-12-28 03:30:00+00:00,0.03396306174591829,0.03481080213757028,0.03344089221976726,0.034523702317406174,26839.00839560933
2025-12-28 03:45:00+00:00,0.034523702317406174,0.03508434217988124,0.03423089489979867,0.03488831220429138,17323.08243729791
2025-12-28 04:00:00+00:00,0.03488831220429138,0.035037592995270345,0.03398047875868017,0.034144731980021416,14514.314179190174
2025-12-28 04:15:00+00:00,0.034144731980021416,0.035782587528309207,0.03395248964504622,0.03486918057883409,34617.25862760598
2025-12-28 04:30:00+00:00,0.03486918057883409,0.03656678079102273,0.03450151326931288,0.035207894714510635,86635.03669278978
2025-12-28 04:45:00+00:00,0.035207894714510635,0.03587291097805539,0.03515382017302316,0.03587291097805539,7734.178761628527
2025-12-28 05:00:00+00:00,0.03587291097805539,0.03587291097805539,0.03489297822957288,0.034911707586031175,12679.443424818559
2025-12-28 05:15:00+00:00,0.034911707586031175,0.03573414044597142,0.034911707586031175,0.035512520261571805,26134.050460217797
2025-12-28 05:30:00+00:00,0.035512520261571805,0.03561575932286719,0.034640091464629486,0.03482385017607316,25585.94953099818
2025-12-28 05:45:00+00:00,0.03482385017607316,0.03545179384487464,0.03461576566097824,0.03528638316758322,21465.947482525666
2025-12-28 06:00:00+00:00,0.03528638316758322,0.035601708459609215,0.03406516381562039,0.03425577801884648,15343.406366971118
2025-12-28 06:15:00+00:00,0.03425577801884648,0.03488396702003693,0.03386497239259781,0.03403977094783823,19915.897735991435
2025-12-28 06:30:00+00:00,0.03403977094783823,0.0349601275279483,0.03397666769835404,0.034419803337672215,10292.833544102063
2025-12-28 06:45:00+00:00,0.034419803337672215,0.034838895430872485,0.034171655104356886,0.034838895430872485,5804.563791071498
2025-12-28 07:00:00+00:00,0.034838895430872485,0.03553513852566032,0.034773459526999895,0.035484497111949106,5406.591584415802
2025-12-28 07:15:00+00:00,0.035484497111949106,0.03920995388663159,0.03540598365352581,0.03884730132492831,71245.85350351062
2025-12-28 07:30:00+00:00,0.03884730132492831,0.05128256629267984,0.03870252475460925,0.043985936629296764,271508.4627427552
2025-12-28 07:45:00+00:00,0.043985936629296764,0.04506823742251006,0.04257425181770143,0.04323520799576304,52483.44256744244
2025-12-28 08:00:00+00:00,0.04323520799576304,0.04958678226744203,0.043018896930467405,0.047622100552844035,169802.1914992353
2025-12-28 08:15:00+00:00,0.047622100552844035,0.04818421086985999,0.04301214487687593,0.04311651121671168,95492.20606051302
2025-12-28 08:30:00+00:00,0.04311651121671168,0.045758794114769144,0.042354325103749084,0.04473163827449739,29089.6526109447
2025-12-28 08:45:00+00:00,0.04473163827449739,0.045438200634587596,0.04261676276156625,0.04287474839547092,34546.01150640509
2025-12-28 09:00:00+00:00,0.04287474839547092,0.04556950807387543,0.0424780822048225,0.04556950807387543,60827.23049196988
2025-12-28 09:15:00+00:00,0.04556950807387543,0.04841779786219397,0.04535679994790079,0.04697428554729734,63424.12309509407
2025-12-28 09:30:00+00:00,0.04697428554729734,0.04697543223372776,0.04501067405794118,0.046517958488085674,39768.9800489979
2025-12-28 09:45:00+00:00,0.046517958488085674,0.047080273062147175,0.045688276985337894,0.04594314642025506,25182.55080999978
2025-12-28 10:00:00+00:00,0.04594314642025506,0.04595977269917327,0.04513972678828794,0.04540060446799011,17219.079090993357
2025-12-28 10:15:00+00:00,0.04540060446799011,0.04540060446799011,0.04256449110542519,0.04320294661901974,61912.69533724348
2025-12-28 10:30:00+00:00,0.04320294661901974,0.04427220333734082,0.0411158872122416,0.041396433576359803,57777.89460868241
2025-12-28 10:45:00+00:00,0.041396433576359803,0.041396433576359803,0.03993278191575598,0.04095935294756268,61698.49574174607
2025-12-28 11:00:00+00:00,0.04095935294756268,0.042202739815105035,0.040864414791531634,0.042165877119888964,20284.142014073263
2025-12-28 11:15:00+00:00,0.042165877119888964,0.04347807471971302,0.04143214656622584,0.043374758131137524,26115.754861404614
2025-12-28 11:30:00+00:00,0.043374758131137524,0.04474508155333305,0.04322697618200391,0.0443326740385438,25921.417458203334
2025-12-28 11:45:00+00:00,0.0443326740385438,0.04437372512167885,0.043175483590517594,0.043175483590517594,20374.838712983947
2025-12-28 12:00:00+00:00,0.043175483590517594,0.04549712651159041,0.04306064894018268,0.04522638535819016,20502.22059851003
2025-12-28 12:15:00+00:00,0.04522638535819016,0.0490613576207908,0.04456878504292026,0.046491231135973844,115144.37011429694
2025-12-28 12:30:00+00:00,0.046491231135973844,0.04831448846376956,0.04586168710136014,0.04706316262020076,32413.510477711694
2025-12-28 12:45:00+00:00,0.04706316262020076,0.047171779280219456,0.04236578654773493,0.04236578654773493,81153.01755310585
2025-12-28 13:00:00+00:00,0.04236578654773493,0.044145737581877446,0.04231122886161297,0.04344163859365868,20905.47884185832
2025-12-28 13:15:00+00:00,0.04344163859365868,0.04375611879850559,0.042768381773473876,0.04338263404253512,20269.271790507213
2025-12-28 13:30:00+00:00,0.04338263404253512,0.043512515584675934,0.04070562533660223,0.04164059687112233,53678.184357351725
2025-12-28 13:45:00+00:00,0.04164059687112233,0.04290898925793196,0.04115737748359826,0.042798623264011966,22401.914752131852
2025-12-28 14:00:00+00:00,0.042798623264011966,0.045326126832341156,0.04276682334774435,0.04433401163826481,66182.45911868718
2025-12-28 14:15:00+00:00,0.04433401163826481,0.04529029050419895,0.043704338840587297,0.043704338840587297,31525.812416294626
2025-12-28 14:30:00+00:00,0.043704338840587297,0.045129857009760556,0.042709707018457985,0.045007185407278605,36292.843078176964
2025-12-28 14:45:00+00:00,0.045007185407278605,0.04517640635568925,0.04363575573277776,0.04379350825031934,15708.32953572194
2025-12-28 15:00:00+00:00,0.04379350825031934,0.04396998210409828,0.04258277070236401,0.043212441876545694,13645.190461551758
2025-12-28 15:15:00+00:00,0.043212441876545694,0.0440451993737119,0.042278873907255037,0.042278873907255037,26051.99429370271
2025-12-28 15:30:00+00:00,0.042278873907255037,0.04347479285987925,0.042030601341666515,0.04225346046778619,29642.168142081056
2025-12-28 15:45:00+00:00,0.04225346046778619,0.04225346046778619,0.04141026462160151,0.04216497995599397,14062.294443313693
2025-12-28 16:00:00+00:00,0.04216497995599397,0.04216497995599397,0.04048919701524776,0.04087169532187294,61359.08054182203
2025-12-28 16:15:00+00:00,0.04087169532187294,0.04161851308748883,0.04075311095576332,0.041092066260682174,24989.019251600348
2025-12-28 16:30:00+00:00,0.041092066260682174,0.04183762101112907,0.0405655147341693,0.040811929140935885,30978.706447843037
2025-12-28 16:45:00+00:00,0.040811929140935885,0.04085166628119425,0.04017149293712585,0.0404267917901235,97939.4140311856
2025-12-28 17:00:00+00:00,0.0404267917901235,0.04098533716799572,0.03921919453777246,0.04018111736487997,68126.20090390444
2025-12-28 17:15:00+00:00,0.04018111736487997,0.04060339368910958,0.03948563879567409,0.04001971518567202,18826.1606371139
2025-12-28 17:30:00+00:00,0.04001971518567202,0.04110313122092964,0.03979818960840001,0.04088657460827084,42307.01533460491
2025-12-28 17:45:00+00:00,0.04088657460827084,0.04120455770747276,0.040451399053537125,0.041009663435045085,10104.250073761972
2025-12-28 18:00:00+00:00,0.041009663435045085,0.041306830065570704,0.04014889841263182,0.04033157311155757,8240.741397943455
2025-12-28 18:15:00+00:00,0.04033157311155757,0.04131304518307344,0.03993426621564562,0.04029358882255646,8645.368923262902
2025-12-28 18:30:00+00:00,0.04029358882255646,0.04076170421052202,0.039900117645241394,0.04051655727829515,6320.879838615012
2025-12-28 18:45:00+00:00,0.04051655727829515,0.04074297194933724,0.03987496225709565,0.04020133351477235,6673.962182370178
2025-12-28 19:00:00+00:00,0.04020133351477235,0.04077286058818362,0.03988961436183323,0.04061316574507473,5835.053455298772
2025-12-28 19:15:00+00:00,0.04061316574507473,0.04111777698024477,0.04051831325888582,0.04111777698024477,6606.713838899011
2025-12-28 19:30:00+00:00,0.04111777698024477,0.047890881110993586,0.04081025864026235,0.047476414011656594,103545.34382122461
2025-12-28 19:45:00+00:00,0.047476414011656594,0.04939344175623695,0.045179060275746356,0.04677788465027014,129277.8665077082
2025-12-28 20:00:00+00:00,0.04677788465027014,0.04707255177950519,0.044547486513028346,0.04612125195562335,78593.42176068628
2025-12-28 20:15:00+00:00,0.04612125195562335,0.04752191651875405,0.04556823789944572,0.046749069491498214,29261.5305817212
2025-12-28 20:30:00+00:00,0.046749069491498214,0.04900809805987906,0.04668454432087643,0.04876079109648872,31094.52715111554
2025-12-28 20:45:00+00:00,0.04876079109648872,0.05266754831505664,0.04876079109648872,0.052103561807997044,81789.90482613698
2025-12-28 21:00:00+00:00,0.052103561807997044,0.052168321700869075,0.04810220959946332,0.048319442355381916,62931.837822670794
2025-12-28 21:15:00+00:00,0.048319442355381916,0.04952928662724186,0.04824846329252875,0.04879017285443618,14041.99746213699
2025-12-28 21:30:00+00:00,0.04879017285443618,0.04953909113818636,0.0482048589491318,0.04834819584735436,19862.325474672238
2025-12-28 21:45:00+00:00,0.04834819584735436,0.048851136360666673,0.04764867870335782,0.047914754941223714,18821.092568975742
2025-12-28 22:00:00+00:00,0.047914754941223714,0.04838534570700116,0.047709578564848774,0.04827596089057585,3149.5265165231685
2025-12-28 22:15:00+00:00,0.04827596089057585,0.050112452396795196,0.04827596089057585,0.050112452396795196,4743.672807229251
2025-12-28 22:30:00+00:00,0.050112452396795196,0.050112452396795196,0.04888476496618742,0.049949688732701766,13034.249100572082
2025-12-28 22:45:00+00:00,0.049949688732701766,0.049949688732701766,0.049198205354805846,0.04946472679316512,5830.262604554572
2025-12-28 23:00:00+00:00,0.04946472679316512,0.04982695300483339,0.048846045828357484,0.04977103554208259,8655.55195282149
2025-12-28 23:15:00+00:00,0.04977103554208259,0.05118437320337728,0.04966643278146318,0.0504629237014872,15730.536826818887
2025-12-28 23:30:00+00:00,0.0504629237014872,0.05068434931726481,0.049836803852856174,0.05037568279962785,10788.392808549552
2025-12-28 23:45:00+00:00,0.05037568279962785,0.050632656490452774,0.049713580341623306,0.05040755809905923,5446.577783600293
2025-12-29 00:00:00+00:00,0.05040755809905923,0.0527660499544335,0.05040755809905923,0.05193011044308823,49189.926366619286
2025-12-29 00:15:00+00:00,0.05193011044308823,0.05271524257110706,0.05032671234379741,0.05149825163441632,50396.64273547465
2025-12-29 00:30:00+00:00,0.05149825163441632,0.05231202457280817,0.05054175625047026,0.05068143923109688,16314.457566193796
2025-12-29 00:45:00+00:00,0.05068143923109688,0.05122538633045289,0.04983859577837545,0.05064277378391166,15430.866957989525
2025-12-29 01:00:00+00:00,0.05064277378391166,0.05064277378391166,0.04950211116077453,0.050051906014445834,14779.361133731541
2025-12-29 01:15:00+00:00,0.050051906014445834,0.05076359390966665,0.050051906014445834,0.05056426549274169,6519.049904952788
2025-12-29 01:30:00+00:00,0.05056426549274169,0.0515137559855109,0.05012085960063612,0.05118272574283945,13094.720056362823
2025-12-29 01:45:00+00:00,0.05118272574283945,0.052456204988310516,0.051160409470355946,0.051967299224056455,24959.327798087532
2025-12-29 02:00:00+00:00,0.051967299224056455,0.052230006769196965,0.051421322637357304,0.05166594893771378,12192.270735175944
2025-12-29 02:15:00+00:00,0.05166594893771378,0.05185880611201497,0.05029472677013951,0.05092224091217254,29890.07294983267
2025-12-29 02:30:00+00:00,0.05092224091217254,0.050962936074565646,0.04953160829666612,0.05014628131631124,39685.405018221136
2025-12-29 02:45:00+00:00,0.05014628131631124,0.05048780094633527,0.04895199430046228,0.049913748276961906,41001.40277727761
2025-12-29 03:00:00+00:00,0.049913748276961906,0.050203693942972485,0.04897920417313221,0.050001305398032964,30054.35443303539
2025-12-29 03:15:00+00:00,0.050001305398032964,0.051063197936790525,0.04966789167875256,0.05077701386195063,17750.124705548158
2025-12-29 03:30:00+00:00,0.05077701386195063,0.055479231812268215,0.05077701386195063,0.055397457899718575,52665.95307737518
2025-12-29 03:45:00+00:00,0.055397457899718575,0.05838764839246324,0.05462109768658954,0.05838764839246324,156162.74448183968
2025-12-29 04:00:00+00:00,0.05838764839246324,0.05838764839246324,0.05674764440207763,0.05674764440207763,49034.834448338115
2025-12-29 04:15:00+00:00,0.05674764440207763,0.05750068673598037,0.056196992293059696,0.057231946183437445,11614.193156104231
2025-12-29 04:30:00+00:00,0.057231946183437445,0.05788422549794824,0.055521184719075384,0.05576438936127093,37596.0404222655
2025-12-29 04:45:00+00:00,0.05576438936127093,0.05607464150331654,0.05520736520089951,0.05558445192251215,7586.193828914625
2025-12-29 05:00:00+00:00,0.05558445192251215,0.055850077430873064,0.055218841064619516,0.05556105071640576,6852.598836576578
2025-12-29 05:15:00+00:00,0.05556105071640576,0.05556105071640576,0.054977835070885425,0.055280539416441205,2351.534771974566
2025-12-29 05:30:00+00:00,0.055280539416441205,0.06049964717756494,0.055246166386454576,0.05905019966448702,39511.06049203944
2025-12-29 05:45:00+00:00,0.05905019966448702,0.060007981981697434,0.05823690466753871,0.05863911563038387,36313.303521318805
2025-12-29 06:00:00+00:00,0.05863911563038387,0.059512045946715844,0.05820918029308789,0.058987984579072304,17608.745981391065
2025-12-29 06:15:00+00:00,0.058987984579072304,0.060589102987098,0.058495832789636173,0.05870626847712742,39147.23180120578
2025-12-29 06:30:00+00:00,0.05870626847712742,0.059076034808120716,0.05708681386907701,0.05788715607816849,73974.57137626864
2025-12-29 06:45:00+00:00,0.05788715607816849,0.05802423296688777,0.057214076560419054,0.057214076560419054,3417.093080937095
2025-12-29 07:00:00+00:00,0.057214076560419054,0.057242953438898715,0.056440424679546804,0.05649342809499926,11906.38985638653
2025-12-29 07:15:00+00:00,0.05649342809499926,0.05743886482583586,0.05635796581424845,0.05743886482583586,3428.2694329127485
2025-12-29 07:30:00+00:00,0.05743886482583586,0.058763887185251336,0.057201611043068916,0.05788577594388095,12972.106683187947
2025-12-29 07:45:00+00:00,0.05788577594388095,0.05899864175904137,0.05725249995439597,0.058688501262449656,15767.827791256932
2025-12-29 08:00:00+00:00,0.058688501262449656,0.060324050321428194,0.058049095592679414,0.058049095592679414,19493.53726486532
2025-12-29 08:15:00+00:00,0.058049095592679414,0.05831816152355729,0.057432118822030774,0.0580309815696686,9318.31561610195
2025-12-29 08:30:00+00:00,0.0580309815696686,0.058566244411214614,0.057901617501269584,0.05812248527183471,4806.454873790646
2025-12-29 08:45:00+00:00,0.05812248527183471,0.05884839302722328,0.05810667589430696,0.05848042780121695,5495.082138493244
2025-12-29 09:00:00+00:00,0.05848042780121695,0.05880575604036701,0.058364050608440916,0.05880575604036701,1309.1281852359914
2025-12-29 09:15:00+00:00,0.05880575604036701,0.05917752002286011,0.05813966581765233,0.058878991375975166,13599.336884989068
2025-12-29 09:30:00+00:00,0.058878991375975166,0.05888875050337969,0.05650132094848387,0.05683786075838789,10260.956592276541
2025-12-29 09:45:00+00:00,0.05683786075838789,0.05683786075838789,0.05496551818222789,0.05530640765702429,17622.049651540332
2025-12-29 10:00:00+00:00,0.05530640765702429,0.057053725339204275,0.05493989418583799,0.056477695817354116,28030.12925743765
2025-12-29 10:15:00+00:00,0.056477695817354116,0.05722180395088835,0.056477695817354116,0.05722180395088835,791.7500417495668
2025-12-29 10:30:00+00:00,0.05722180395088835,0.05733543135319959,0.056246123947208,0.05640341749010081,6502.860947373398
2025-12-29 10:45:00+00:00,0.05640341749010081,0.059519662282340784,0.056158713096283557,0.05878450766778301,52459.60167378824
2025-12-29 11:00:00+00:00,0.05878450766778301,0.059164805143630934,0.05771417987514877,0.0583039684032206,34026.03017974016
2025-12-29 11:15:00+00:00,0.0583039684032206,0.059337668876316405,0.05807029692000087,0.059337668876316405,11325.215916588599
2025-12-29 11:30:00+00:00,0.059337668876316405,0.06653578250374347,0.0587498075753615,0.06381659920662217,107536.95292275024
2025-12-29 11:45:00+00:00,0.06381659920662217,0.06749398381007846,0.06369865542310019,0.0667675662539961,82742.87719967822
2025-12-29 12:00:00+00:00,0.0667675662539961,0.06697781969589499,0.06429416399790555,0.06489000136948839,21499.70932957491
2025-12-29 12:15:00+00:00,0.06489000136948839,0.06890567170644898,0.06442090595865076,0.06779930282445579,42394.34740849982
2025-12-29 12:30:00+00:00,0.06779930282445579,0.071842586267999,0.06779930282445579,0.06952581406824528,102002.42939450913
2025-12-29 12:45:00+00:00,0.06952581406824528,0.06989228929189897,0.06694315303375388,0.06694961294998882,38267.35615401261
2025-12-29 13:00:00+00:00,0.06694961294998882,0.06821921868314461,0.06109232051495334,0.06580205310942994,103619.75331433985
2025-12-29 13:15:00+00:00,0.06580205310942994,0.06853935080134632,0.06579676456898309,0.06768400808336321,31121.384227904615
2025-12-29 13:30:00+00:00,0.06768400808336321,0.06823558963520829,0.06649476685560006,0.06672086488679256,17010.925228816275
2025-12-29 13:45:00+00:00,0.06672086488679256,0.0670958199077301,0.06423569204211717,0.06475290211369786,26963.668061332526
2025-12-29 14:00:00+00:00,0.06475290211369786,0.06784196811787592,0.06475290211369786,0.06784196811787592,20100.366851174396
2025-12-29 14:15:00+00:00,0.06784196811787592,0.069341414554928,0.06748823888694008,0.06918585797106774,19940.412698112956
2025-12-29 14:30:00+00:00,0.06918585797106774,0.07303065030807353,0.06872539933851698,0.07248508743033309,86886.64140993559
2025-12-29 14:45:00+00:00,0.07248508743033309,0.07342330705522827,0.06880469143998968,0.06881778460785336,50308.333336971125
2025-12-29 15:00:00+00:00,0.06881778460785336,0.0693756040379093,0.06625829527334097,0.06652366413857569,93798.95069949277
2025-12-29 15:15:00+00:00,0.06652366413857569,0.06941011391892418,0.0663948372801689,0.06659861141725786,26948.870353920956
2025-12-29 15:30:00+00:00,0.06659861141725786,0.06706748816362298,0.062454204916381775,0.06332109883679668,56742.966521415954
2025-12-29 15:45:00+00:00,0.06332109883679668,0.06477788231510329,0.06332109883679668,0.06422962501866926,33236.10275170724
2025-12-29 16:00:00+00:00,0.06422962501866926,0.06532796733123936,0.06422962501866926,0.06514190921783045,17889.267649490677
2025-12-29 16:15:00+00:00,0.06514190921783045,0.06595605237675078,0.0631701852423172,0.06391277159726576,21235.944685122893
2025-12-29 16:30:00+00:00,0.06391277159726576,0.06473291375845028,0.06366151328557297,0.06473291375845028,4726.383787356915
2025-12-29 16:45:00+00:00,0.06473291375845028,0.06473291375845028,0.06273191156312288,0.06312103804389385,23726.9629326147
2025-12-29 17:00:00+00:00,0.06312103804389385,0.06425235454287066,0.0623485556010408,0.06399538513146133,13148.67965036826
2025-12-29 17:15:00+00:00,0.06399538513146133,0.06509225978720104,0.06385388296011167,0.06467338101550432,13402.545347537512
2025-12-29 17:30:00+00:00,0.06467338101550432,0.06578514817139156,0.06465091817108676,0.06548648530469064,13159.716475845435
2025-12-29 17:45:00+00:00,0.06548648530469064,0.06613582532442291,0.06519924571968504,0.06527057514137312,7458.637148263658
2025-12-29 18:00:00+00:00,0.06527057514137312,0.06570823280036053,0.06422294309946391,0.06457617868200874,10795.845515714946
2025-12-29 18:15:00+00:00,0.06457617868200874,0.06476906306746541,0.06260785779437314,0.06294826013081177,25275.709100413635
2025-12-29 18:30:00+00:00,0.06294826013081177,0.06332392594891599,0.06208575060245664,0.06265077176655572,9644.790882075726
2025-12-29 18:45:00+00:00,0.06265077176655572,0.06265077176655572,0.06229217437658722,0.06229217437658722,67.81466311345642
